token,count
no,1121877
road,684090
ट,641417
र,582770
limited,534841
private,534401
llc,532396
delhi,508614
ल,439664
ltd,420481
inc,403282
c,380827
street,344928
st,339548
rd,332226
floor,320868
maharashtra,320467
city,316653
dr,309515
nagar,305718
1,305280
a,302025
प,297956
tx,292545
s,264719
ड,258714
म,250547
2,244344
new,239065
स,233750
ave,226826
ny,225590
west,222961
drive,218664
pradesh,218374
center,214723
nc,208052
com,202823
mumbai,201752
b,199544
l,198398
h,196454
avenue,195606
pvt,193789
oh,187630
plot,181191
o,178248
d,174490
co,167846
il,166260
इव,157955
partners,155497
of,154471
ட,154270
p,148492
services,147583
corp,144741
group,142415
bangalore,136709
and,134171
null,131844
va,131563
tn,131324
3,129621
uttar,126925
ma,126580
az,124762
क,123700
kolkata,122278
lane,122172
india,119882
karnataka,118666
ष,116157
ln,115833
in,113484
door,112918
near,112270
block,111403
ct,110974
park,110809
मह,107011
tamil,106103
nadu,106062
g,105321
4,105266
east,104520
main,100525
gujarat,100074
colony,99367
pune,98992
south,98842
holdings,97748
sector,97221
md,96832
bengal,96487
north,95234
5,94009
ట,93979
wa,93472
n,92646
