rule,source,number_of_blocks,rows_in_nonempty_blocks,mean_block_size,median_block_size,p90_block_size,p95_block_size,p99_block_size,max_block_size
block_postal_name4,s1_keys,269643,2206821.0,8.184232485174842,1.0,4.0,10.0,92.0,13414
block_name_prefix6,s1_keys,339448,2206821.0,6.501204897362777,1.0,6.0,13.0,69.0,15070
block_name_exact,s1_keys,1374502,2206821.0,1.6055422254751175,1.0,2.0,3.0,7.0,523
block_token_pair,s1_keys,902387,2205643.0,2.4442317985520625,1.0,3.0,5.0,31.0,3079
block_postal,s1_keys,30812,145101.0,4.709236661041153,2.0,12.0,18.0,33.0,87
block_postal_name4,s2_keys,421128,5034613.0,11.955065918200642,1.0,5.0,12.0,128.0,55087
block_name_prefix6,s2_keys,563975,5034613.0,8.927014495323375,1.0,8.0,18.0,99.0,54651
block_name_exact,s2_keys,3474832,5034613.0,1.4488795429534436,1.0,2.0,3.0,7.0,695
block_token_pair,s2_keys,1831991,5029458.0,2.745350823230027,1.0,4.0,6.0,24.0,64744
block_postal,s2_keys,42664,315765.0,7.401204762797675,3.0,19.0,29.0,54.0,169
block_postal_name4,s3_keys,440362,5285590.0,12.002829490282995,1.0,5.0,12.0,129.0,64339
block_name_prefix6,s3_keys,573437,5285590.0,9.217385693633302,1.0,9.0,20.0,102.0,63871
block_name_exact,s3_keys,3717502,5285590.0,1.4218122814728815,1.0,2.0,3.0,7.0,622
block_token_pair,s3_keys,2001824,5271789.0,2.6334927546077975,1.0,3.0,6.0,25.0,36885
block_postal,s3_keys,43081,332728.0,7.723311900837956,3.0,20.0,30.0,57.0,155
