target,rule,total_true_pairs,recovered_pairs,pair_recall,candidate_pairs,avg_candidates_per_S1
S2,block_postal_name4,3693619,2804617.0,75.9314103593251,6561396691,2973.234662439772
S2,block_name_prefix6,3693619,2736738.0,74.09367344060121,4338075099,1965.757575716381
S2,block_name_exact,3693619,1612614.0,43.659457025751706,35837806,16.239561794998327
S2,block_token_pair,3693619,2130482.0,57.680069330377606,241091177,109.24817962127422
S2,block_postal,3693619,170690.0,4.621212962138217,3347769,1.5170097620060712
S3,block_postal_name4,3944746,2925557.0,74.16338086153075,7084814599,3210.416521774988
S3,block_name_prefix6,3944746,2854291.0,72.35677531582515,4618141585,2092.667046851557
S3,block_name_exact,3944746,1673745.0,42.42972804839653,39598663,17.94375846523121
S3,block_token_pair,3944746,2219558.0,56.26618291773412,253823859,115.01787367439407
S3,block_postal,3944746,187347.0,4.749279167784187,3587076,1.6254494587463142
