target,rule,candidate_pairs,avg_candidates_per_S1
S2,block_postal_name4,6561396691,2973.234662439772
S2,block_name_prefix6,4338075099,1965.757575716381
S2,block_name_exact,35837806,16.239561794998327
S2,block_token_pair,241091177,109.24817962127422
S2,block_postal,3347769,1.5170097620060712
S3,block_postal_name4,7084814599,3210.416521774988
S3,block_name_prefix6,4618141585,2092.667046851557
S3,block_name_exact,39598663,17.94375846523121
S3,block_token_pair,253823859,115.01787367439407
S3,block_postal,3587076,1.6254494587463142
